X,Y,fid,datahora,satelite,pais,estado,municipici,bioma,diasemchuv,precipitac,riscofogo,latitude,longitude,frp,icon_url
-64.2830017210611,-27.6810052793551,"1",2019/08/31 14:20:00,TERRA_M-T,Argentina,Santiago del Estero,Banda,,"0",0,0,-27.681,-64.283,5.7,./0.png
-64.216001713508,-27.6470052782721,"2",2019/08/31 14:20:00,TERRA_M-T,Argentina,Santiago del Estero,Banda,,"0",0,0,-27.647,-64.216,4.2,./0.png
-64.0770017018077,-27.8320052903824,"3",2019/08/31 18:40:00,AQUA_M-T,Argentina,Santiago del Estero,Robles,,"0",0,0,-27.832,-64.077,28.1,./0.png
-64.3270017266636,-27.7440052823457,"4",2019/09/01 15:05:00,TERRA_M-T,Argentina,Santiago del Estero,Capital,,"0",0,0,-27.744,-64.327,52.5,./0.png
-64.3330017272452,-27.7410052821025,"5",2019/09/01 15:05:00,TERRA_M-T,Argentina,Santiago del Estero,Capital,,"0",0,0,-27.741,-64.333,45.1,./0.png
-63.9220016835935,-27.7070052852555,"6",2019/09/01 17:45:00,AQUA_M-T,Argentina,Santiago del Estero,Robles,,"0",0,0,-27.707,-63.922,56.7,./0.png
-63.9290016842979,-27.7050052850577,"7",2019/09/01 17:45:00,AQUA_M-T,Argentina,Santiago del Estero,Banda,,"0",0,0,-27.705,-63.929,30.8,./0.png
-63.9060016818826,-27.7050052853373,"8",2019/09/01 17:45:00,AQUA_M-T,Argentina,Santiago del Estero,Robles,,"0",0,0,-27.705,-63.906,9.7,./0.png
-63.9130016826024,-27.7040052851959,"9",2019/09/01 17:45:00,AQUA_M-T,Argentina,Santiago del Estero,Robles,,"0",0,0,-27.704,-63.913,36.8,./0.png
-63.9230016835297,-27.6960052846236,"10",2019/09/01 17:45:00,AQUA_M-T,Argentina,Santiago del Estero,Banda,,"0",0,0,-27.696,-63.923,6.4,./0.png
-64.2020017104258,-27.5430052725793,"11",2019/09/01 17:45:00,AQUA_M-T,Argentina,Santiago del Estero,Banda,,"0",0,0,-27.543,-64.202,36.7,./0.png
-64.1960017097821,-27.5420052725966,"12",2019/09/01 17:45:00,AQUA_M-T,Argentina,Santiago del Estero,Banda,,"0",0,0,-27.542,-64.196,33.5,./0.png
-64.2040017104494,-27.5310052718767,"13",2019/09/01 17:45:00,AQUA_M-T,Argentina,Santiago del Estero,Banda,,"0",0,0,-27.531,-64.204,30,./0.png
-64.2550017155245,-27.5140052702879,"14",2019/09/01 17:45:00,AQUA_M-T,Argentina,Santiago del Estero,Banda,,"0",0,0,-27.514,-64.255,33,./0.png
-64.4400017420194,-27.9640052932237,"15",2019/09/02 14:10:00,TERRA_M-T,Argentina,Santiago del Estero,Capital,,"0",0,0,-27.964,-64.44,10.8,./0.png
-64.5310017519267,-27.9860052932927,"16",2019/09/03 17:35:00,AQUA_M-T,Argentina,Santiago del Estero,Capital,,"0",0,0,-27.986,-64.531,38.1,./0.png
-64.5030017489553,-27.9840052935378,"17",2019/09/03 17:35:00,AQUA_M-T,Argentina,Santiago del Estero,Capital,,"0",0,0,-27.984,-64.503,171.2,./0.png
-63.9660016925547,-27.9870053004231,"18",2019/07/27 18:10:00,AQUA_M-T,Argentina,Santiago del Estero,Robles,,"2",0,0.95,-27.987,-63.966,5.1,./0.png
-64.4760017436978,-27.833005285459,"19",2019/07/27 18:10:00,AQUA_M-T,Argentina,Santiago del Estero,Capital,,"2",0,0.94,-27.833,-64.476,5.7,./0.png
-64.4660017426173,-27.8310052854735,"20",2019/07/27 18:10:00,AQUA_M-T,Argentina,Santiago del Estero,Capital,,"2",0,0.94,-27.831,-64.466,17.7,./0.png
-63.8750016800535,-27.7980052909473,"21",2019/07/27 18:10:00,AQUA_M-T,Argentina,Santiago del Estero,Robles,,"2",0,0.95,-27.798,-63.875,6.1,./0.png
-64.3050017237592,-27.7060052804866,"22",2019/07/27 18:10:00,AQUA_M-T,Argentina,Santiago del Estero,Banda,,"2",0,0.95,-27.706,-64.305,5.5,./0.png
-64.241001712205,-27.3940052636664,"23",2019/07/27 18:10:00,AQUA_M-T,Argentina,Santiago del Estero,Banda,,"2",0,0.96,-27.394,-64.241,24.4,./0.png
-64.2310017111287,-27.3920052636756,"24",2019/07/27 18:10:00,AQUA_M-T,Argentina,Santiago del Estero,Banda,,"2",0,0.96,-27.392,-64.231,12.3,./0.png
-64.089001697899,-27.4980052714192,"25",2019/09/05 14:40:00,TERRA_M-T,Argentina,Santiago del Estero,Banda,,"18",0,1,-27.498,-64.089,7.9,./0.png
-64.0880016976408,-27.4880052708652,"26",2019/09/05 14:40:00,TERRA_M-T,Argentina,Santiago del Estero,Banda,,"18",0,1,-27.488,-64.088,14.1,./0.png
-63.9200016862056,-27.8900052955611,"27",2019/07/29 18:00:00,AQUA_M-T,Argentina,Santiago del Estero,Robles,,"4",0,0.93,-27.89,-63.92,5.1,./0.png
-63.9090016850175,-27.8880052955836,"28",2019/07/29 18:00:00,AQUA_M-T,Argentina,Santiago del Estero,Robles,,"4",0,0.93,-27.888,-63.909,12.8,./0.png
-64.1740017095726,-27.6770052804796,"29",2019/07/29 18:00:00,AQUA_M-T,Argentina,Santiago del Estero,Banda,,"4",0,0.93,-27.677,-64.174,6.2,./0.png
-64.1360017029744,-27.5080052714107,"30",2019/07/29 18:00:00,AQUA_M-T,Argentina,Santiago del Estero,Banda,,"4",0,0.94,-27.508,-64.136,6,./0.png
-64.1250017018072,-27.5070052714888,"31",2019/07/29 18:00:00,AQUA_M-T,Argentina,Santiago del Estero,Banda,,"4",0,0.94,-27.507,-64.125,7,./0.png
-64.1820017167379,-28.0790053028707,"32",2019/09/06 18:05:00,AQUA_M-T,Argentina,Santiago del Estero,Silipica,,"43",0,1,-28.079,-64.182,6.8,./0.png
-64.2540017231499,-28.0060052979061,"33",2019/09/06 18:05:00,AQUA_M-T,Argentina,Santiago del Estero,Capital,,"43",0,1,-28.006,-64.254,6.9,./0.png
-64.2550017231118,-27.9970052973921,"34",2019/09/06 18:05:00,AQUA_M-T,Argentina,Santiago del Estero,Capital,,"43",0,1,-27.997,-64.255,10.8,./0.png
-63.9610016888449,-27.7820052889998,"35",2019/09/06 18:05:00,AQUA_M-T,Argentina,Santiago del Estero,Robles,,"43",0,1,-27.782,-63.961,5.7,./0.png
-64.2020017128515,-27.6990052813713,"36",2019/09/13 18:10:00,AQUA_M-T,Argentina,Santiago del Estero,Banda,,"50",0,1,-27.699,-64.202,7.3,./0.png
-64.257001717305,-27.6150052759626,"37",2019/09/13 18:10:00,AQUA_M-T,Argentina,Santiago del Estero,Banda,,"50",0,1,-27.615,-64.257,76,./0.png
-64.2470017162263,-27.6130052759736,"38",2019/09/13 18:10:00,AQUA_M-T,Argentina,Santiago del Estero,Banda,,"50",0,1,-27.613,-64.247,61.8,./0.png
-64.1580017075529,-27.6550052794382,"39",2019/09/13 18:10:00,AQUA_M-T,Argentina,Santiago del Estero,Banda,,"4",0,1,-27.655,-64.158,58.9,./0.png
-64.1680017086168,-27.6560052793713,"40",2019/09/13 18:10:00,AQUA_M-T,Argentina,Santiago del Estero,Banda,,"4",0,1,-27.656,-64.168,51.1,./0.png
-64.1610017098159,-27.7800052864285,"41",2019/09/14 14:35:00,TERRA_M-T,Argentina,Santiago del Estero,Banda,,"5",0.02,1,-27.78,-64.161,31.9,./0.png
-64.1720017109547,-27.7790052862362,"42",2019/09/14 14:35:00,TERRA_M-T,Argentina,Santiago del Estero,Banda,,"5",0.02,1,-27.779,-64.172,7.3,./0.png
-64.3950017330164,-27.6950052787455,"43",2019/09/14 14:35:00,TERRA_M-T,Argentina,Santiago del Estero,Capital,,"51",0,1,-27.695,-64.395,14,./0.png
-64.1620017093428,-27.7430052843388,"44",2019/09/14 18:55:00,AQUA_M-T,Argentina,Santiago del Estero,Banda,,"5",0.02,1,-27.743,-64.162,335.8,./0.png
-64.1520017085276,-27.7580052853048,"45",2019/09/14 18:55:00,AQUA_M-T,Argentina,Santiago del Estero,Banda,,"5",0.02,1,-27.758,-64.152,118,./0.png
-64.1570017087869,-27.7410052842882,"46",2019/09/14 18:55:00,AQUA_M-T,Argentina,Santiago del Estero,Banda,,"5",0.02,1,-27.741,-64.157,253.2,./0.png
-64.1970017134217,-27.7690052853654,"47",2019/09/14 18:55:00,AQUA_M-T,Argentina,Santiago del Estero,Banda,,"5",0.02,1,-27.769,-64.197,123.9,./0.png
-64.2060017141154,-27.7530052843558,"48",2019/09/14 18:55:00,AQUA_M-T,Argentina,Santiago del Estero,Banda,,"5",0,1,-27.753,-64.206,220.1,./0.png
-64.2020017136644,-27.7510052842931,"49",2019/09/14 18:55:00,AQUA_M-T,Argentina,Santiago del Estero,Banda,,"5",0,1,-27.751,-64.202,326.4,./0.png
-64.0320016997203,-28.0010053003907,"50",2019/07/30 18:40:00,AQUA_M-T,Argentina,Santiago del Estero,Robles,,"5",0,0.98,-28.001,-64.032,31.1,./0.png
-64.1520017083403,-27.7460052846308,"51",2019/07/30 18:40:00,AQUA_M-T,Argentina,Santiago del Estero,Banda,,"5",0,0.98,-27.746,-64.152,47.3,./0.png
-64.1560017085416,-27.7320052837948,"52",2019/07/30 18:40:00,AQUA_M-T,Argentina,Santiago del Estero,Banda,,"5",0,0.98,-27.732,-64.156,17.1,./0.png
-64.0960017008507,-27.6420052794678,"53",2019/07/30 18:40:00,AQUA_M-T,Argentina,Santiago del Estero,Banda,,"5",0,0.98,-27.642,-64.096,18.3,./0.png
-64.1920017105417,-27.6180052769345,"54",2019/07/30 18:40:00,AQUA_M-T,Argentina,Santiago del Estero,Banda,,"5",0,0.98,-27.618,-64.192,24.8,./0.png
-64.2000017113334,-27.6150052766668,"55",2019/07/30 18:40:00,AQUA_M-T,Argentina,Santiago del Estero,Banda,,"5",0,0.98,-27.615,-64.2,32,./0.png
-64.3440017299648,-27.8400052875114,"56",2019/09/15 18:00:00,AQUA_M-T,Argentina,Santiago del Estero,Capital,,"52",0,1,-27.84,-64.344,14.8,./0.png
-64.6870017630364,-27.6610052731532,"57",2019/09/15 18:00:00,AQUA_M-T,Argentina,Santiago del Estero,Rio Hondo,,"94",0,1,-27.661,-64.687,19.6,./0.png
-64.6750017617655,-27.6600052732497,"58",2019/09/15 18:00:00,AQUA_M-T,Argentina,Santiago del Estero,Rio Hondo,,"94",0,1,-27.66,-64.675,15.8,./0.png
-64.0030016888143,-27.4930052721825,"59",2019/09/15 18:00:00,AQUA_M-T,Argentina,Santiago del Estero,Banda,,"6",0,1,-27.493,-64.003,18,./0.png
-64.006001688854,-27.4750052711261,"60",2019/09/15 18:00:00,AQUA_M-T,Argentina,Santiago del Estero,Banda,,"6",0,1,-27.475,-64.006,6,./0.png
-64.1550017071918,-27.6520052793062,"61",2019/09/18 14:10:00,TERRA_M-T,Argentina,Santiago del Estero,Banda,,"9",0,1,-27.652,-64.155,15.6,./0.png
-64.1480017064113,-27.6490052792234,"62",2019/09/18 14:10:00,TERRA_M-T,Argentina,Santiago del Estero,Banda,,"9",0,1,-27.649,-64.148,12.6,./0.png
-64.1620017078325,-27.646005278882,"63",2019/09/18 14:10:00,TERRA_M-T,Argentina,Santiago del Estero,Banda,,"9",0,1,-27.646,-64.162,12.1,./0.png
-64.1530017068269,-27.6420052787675,"64",2019/09/18 14:10:00,TERRA_M-T,Argentina,Santiago del Estero,Banda,,"9",0,1,-27.642,-64.153,11.7,./0.png
-64.126001702528,-27.5470052737383,"65",2019/09/18 18:30:00,AQUA_M-T,Argentina,Santiago del Estero,Banda,,"31",0,1,-27.547,-64.126,40.2,./0.png
-64.1050017004513,-27.5550052744475,"66",2019/09/18 18:30:00,AQUA_M-T,Argentina,Santiago del Estero,Banda,,"31",0,1,-27.555,-64.105,25.2,./0.png
-64.1230017023833,-27.5580052743966,"67",2019/09/18 18:30:00,AQUA_M-T,Argentina,Santiago del Estero,Banda,,"31",0,1,-27.558,-64.123,60.1,./0.png
-64.1490017066093,-27.6550052795491,"68",2019/09/18 18:30:00,AQUA_M-T,Argentina,Santiago del Estero,Banda,,"9",0,1,-27.655,-64.149,127.4,./0.png
-64.1660017084382,-27.6580052795086,"69",2019/09/18 18:30:00,AQUA_M-T,Argentina,Santiago del Estero,Banda,,"9",0,1,-27.658,-64.166,128,./0.png
-64.5500017462962,-27.509005266335,"70",2019/09/18 18:30:00,AQUA_M-T,Argentina,Santiago del Estero,Banda,,"9",0,1,-27.509,-64.55,33.9,./0.png
-64.2070017129076,-27.6690052796218,"71",2019/09/19 14:55:00,TERRA_M-T,Argentina,Santiago del Estero,Banda,,"56",0,1,-27.669,-64.207,29.6,./0.png
-64.1870017088551,-27.5430052727638,"72",2019/09/19 17:35:00,AQUA_M-T,Argentina,Santiago del Estero,Banda,,"32",0,1,-27.543,-64.187,36.7,./0.png
-64.2070017108409,-27.5360052721223,"73",2019/09/19 17:35:00,AQUA_M-T,Argentina,Santiago del Estero,Banda,,"56",0,1,-27.536,-64.207,48.8,./0.png
-64.1810017080876,-27.5340052723289,"74",2019/09/19 17:35:00,AQUA_M-T,Argentina,Santiago del Estero,Banda,,"32",0,1,-27.534,-64.181,106,./0.png
-64.1880017087433,-27.5290052719604,"75",2019/09/19 17:35:00,AQUA_M-T,Argentina,Santiago del Estero,Banda,,"32",0,1,-27.529,-64.188,96.8,./0.png
-64.3070017199715,-27.4500052660268,"76",2019/09/19 17:35:00,AQUA_M-T,Argentina,Santiago del Estero,Banda,,"56",0,1,-27.45,-64.307,21.7,./0.png
-64.2810017172061,-27.4470052661776,"77",2019/09/19 17:35:00,AQUA_M-T,Argentina,Santiago del Estero,Banda,,"32",0,1,-27.447,-64.281,29.5,./0.png
-64.1040017028212,-27.7150052834799,"78",2019/09/19 17:35:00,AQUA_M-T,Argentina,Santiago del Estero,Banda,,"10",0,1,-27.715,-64.104,32.3,./0.png
-64.1240017048419,-27.7100052829525,"79",2019/09/19 17:35:00,AQUA_M-T,Argentina,Santiago del Estero,Banda,,"10",0,1,-27.71,-64.124,19.7,./0.png
-64.0980017020675,-27.7070052831037,"80",2019/09/19 17:35:00,AQUA_M-T,Argentina,Santiago del Estero,Banda,,"56",0,1,-27.707,-64.098,26.7,./0.png
-63.9710016883691,-27.6830052833068,"81",2019/09/19 17:35:00,AQUA_M-T,Argentina,Santiago del Estero,Banda,,"10",0,1,-27.683,-63.971,58.1,./0.png
-63.9790016891011,-27.6760052828148,"82",2019/09/19 17:35:00,AQUA_M-T,Argentina,Santiago del Estero,Banda,,"10",0,1,-27.676,-63.979,60.9,./0.png
-64.14600170569,-27.616005277388,"83",2019/09/19 17:35:00,AQUA_M-T,Argentina,Santiago del Estero,Banda,,"10",0,1,-27.616,-64.146,19.2,./0.png
-64.2050017124954,-27.6560052789148,"84",2019/09/19 14:55:00,TERRA_M-T,Argentina,Santiago del Estero,Banda,,"56",0,1,-27.656,-64.205,19.5,./0.png
-64.0340016924289,-27.5170052731648,"85",2019/09/19 14:55:00,TERRA_M-T,Argentina,Santiago del Estero,Banda,,"10",0,1,-27.517,-64.034,24.7,./0.png
-64.2350017235135,-28.1540053063715,"86",2019/09/22 18:05:00,AQUA_M-T,Argentina,Santiago del Estero,Silipica,,"28",0,1,-28.154,-64.235,14.7,./0.png
-64.0360016982011,-27.8770052934092,"87",2019/09/22 18:05:00,AQUA_M-T,Argentina,Santiago del Estero,Robles,,"59",0,1,-27.877,-64.036,7.1,./0.png
-64.1280017067737,-27.8070052883512,"88",2019/09/22 18:05:00,AQUA_M-T,Argentina,Santiago del Estero,Robles,,"13",0,1,-27.807,-64.128,8.9,./0.png
-64.0460016992679,-27.878005293342,"89",2019/09/22 18:05:00,AQUA_M-T,Argentina,Santiago del Estero,Robles,,"59",0,1,-27.878,-64.046,5.6,./0.png
-64.315001726811,-27.8330052874828,"90",2019/09/23 14:30:00,TERRA_M-T,Argentina,Santiago del Estero,Capital,,"60",0,1,-27.833,-64.315,12.9,./0.png
-63.9860016961488,-28.0820053054747,"91",2019/09/23 14:30:00,TERRA_M-T,Argentina,Santiago del Estero,San Martin,,"36",0,1,-28.082,-63.986,7.3,./0.png
-64.2020017087579,-27.4350052664691,"92",2019/09/23 14:30:00,TERRA_M-T,Argentina,Santiago del Estero,Banda,,"36",0,1,-27.435,-64.202,7,./0.png
-64.13000170341,-27.5770052753839,"93",2019/02/16 14:45:00,TERRA_M-T,Argentina,Santiago del Estero,Banda,,"4",0,0.94,-27.577,-64.13,9.7,./0.png
-64.4230017385389,-27.8580052875249,"94",2019/07/31 15:05:00,TERRA_M-T,Argentina,Santiago del Estero,Capital,,"6",0,1,-27.858,-64.423,34.3,./0.png
-64.2500017219985,-27.960005295392,"95",2019/07/31 17:45:00,AQUA_M-T,Argentina,Santiago del Estero,Capital,,"6",0,1,-27.96,-64.25,14.4,./0.png
-63.8230016761848,-27.9020052974167,"96",2019/07/31 17:45:00,AQUA_M-T,Argentina,Santiago del Estero,Robles,,"6",0,1,-27.902,-63.823,11.4,./0.png
-64.4380017400484,-27.8540052871122,"97",2019/07/31 17:45:00,AQUA_M-T,Argentina,Santiago del Estero,Capital,,"6",0,1,-27.854,-64.438,28.6,./0.png
-64.0210016950547,-27.7760052879282,"98",2019/07/31 17:45:00,AQUA_M-T,Argentina,Santiago del Estero,Robles,,"6",0,1,-27.776,-64.021,12.8,./0.png
-64.0100016938684,-27.7740052879507,"99",2019/07/31 17:45:00,AQUA_M-T,Argentina,Santiago del Estero,Robles,,"6",0,1,-27.774,-64.01,22.2,./0.png
-64.0050016933433,-27.7740052880119,"100",2019/07/31 17:45:00,AQUA_M-T,Argentina,Santiago del Estero,Robles,,"6",0,1,-27.774,-64.005,13.5,./0.png
-63.9480016872476,-27.7670052883154,"101",2019/07/31 17:45:00,AQUA_M-T,Argentina,Santiago del Estero,Robles,,"6",0,1,-27.767,-63.948,13.9,./0.png
-63.9420016866173,-27.7670052883886,"102",2019/07/31 17:45:00,AQUA_M-T,Argentina,Santiago del Estero,Robles,,"6",0,1,-27.767,-63.942,12.3,./0.png
-64.3230017263546,-27.7510052827884,"103",2019/07/31 17:45:00,AQUA_M-T,Argentina,Santiago del Estero,Capital,,"6",0,1,-27.751,-64.323,19.6,./0.png
-64.1950017107473,-27.6110052765029,"104",2019/08/01 03:10:00,TERRA_M-M,Argentina,Santiago del Estero,Banda,,"7",0,0.87,-27.611,-64.195,7.8,./0.png
-63.9740016904581,-27.7980052897397,"105",2019/08/03 03:00:00,TERRA_M-M,Argentina,Santiago del Estero,Robles,,"9",0,0.95,-27.798,-63.974,12.4,./0.png
-63.9640016889902,-27.7710052883449,"106",2019/08/02 14:55:00,TERRA_M-T,Argentina,Santiago del Estero,Robles,,"8",0,0.92,-27.771,-63.964,14.8,./0.png
-63.9730016901211,-27.7830052889093,"107",2019/08/02 17:35:00,AQUA_M-T,Argentina,Santiago del Estero,Robles,,"8",0,0.92,-27.783,-63.973,13.6,./0.png
-63.9780016905536,-27.777005288511,"108",2019/08/02 17:35:00,AQUA_M-T,Argentina,Santiago del Estero,Robles,,"8",0,0.92,-27.777,-63.978,41.8,./0.png
-63.9740016900097,-27.7690052881103,"109",2019/08/02 17:35:00,AQUA_M-T,Argentina,Santiago del Estero,Robles,,"8",0,0.92,-27.769,-63.974,35.8,./0.png
-63.9730016903066,-27.7950052895834,"110",2019/08/03 14:00:00,TERRA_M-T,Argentina,Santiago del Estero,Robles,,"9",0,0.95,-27.795,-63.973,14.2,./0.png
-64.5440017558411,-28.1430053018388,"111",2019/08/03 18:15:00,AQUA_M-T,Argentina,Santiago del Estero,Capital,,"9",0,0.94,-28.143,-64.544,14.2,./0.png
-64.5460017558883,-28.1330053012595,"112",2019/08/03 18:15:00,AQUA_M-T,Argentina,Santiago del Estero,Capital,,"9",0,0.94,-28.133,-64.546,49.6,./0.png
-64.5350017546996,-28.1310053012896,"113",2019/08/03 18:15:00,AQUA_M-T,Argentina,Santiago del Estero,Capital,,"9",0,0.94,-28.131,-64.535,14.8,./0.png
-64.5410017552813,-28.1280053010466,"114",2019/08/03 18:15:00,AQUA_M-T,Argentina,Santiago del Estero,Capital,,"9",0,0.93,-28.128,-64.541,11.8,./0.png
-64.5340017542201,-28.1080053000281,"115",2019/08/03 18:15:00,AQUA_M-T,Argentina,Santiago del Estero,Capital,,"9",0,0.93,-28.108,-64.534,11.9,./0.png
-63.9680016927653,-27.9870053003985,"116",2019/08/03 18:15:00,AQUA_M-T,Argentina,Santiago del Estero,Robles,,"9",0,0.95,-27.987,-63.968,31.2,./0.png
-63.9560016914709,-27.9850053004345,"117",2019/08/03 18:15:00,AQUA_M-T,Argentina,Santiago del Estero,Robles,,"9",0,0.95,-27.985,-63.956,16,./0.png
-63.9700016901152,-27.8030052900694,"118",2019/08/03 18:15:00,AQUA_M-T,Argentina,Santiago del Estero,Robles,,"9",0,0.95,-27.803,-63.97,17.4,./0.png
-63.9840016914624,-27.7950052894488,"119",2019/08/03 18:15:00,AQUA_M-T,Argentina,Santiago del Estero,Robles,,"9",0,0.95,-27.795,-63.984,27.4,./0.png
-63.9720016901706,-27.7930052894833,"120",2019/08/03 18:15:00,AQUA_M-T,Argentina,Santiago del Estero,Robles,,"9",0,0.95,-27.793,-63.972,130.1,./0.png
-64.2880017227004,-27.7520052832809,"121",2019/08/03 18:15:00,AQUA_M-T,Argentina,Santiago del Estero,Banda,,"9",0,0.95,-27.752,-64.288,5.8,./0.png
-64.2210017153443,-27.7310052829345,"122",2019/08/03 18:15:00,AQUA_M-T,Argentina,Santiago del Estero,Banda,,"9",0,,-27.731,-64.221,4.9,./0.png
-64.0550016978032,-27.7230052845318,"123",2019/08/03 18:15:00,AQUA_M-T,Argentina,Santiago del Estero,Banda,,"9",0,0.95,-27.723,-64.055,7.7,./0.png
-64.3350017263056,-27.6680052779773,"124",2019/08/03 18:15:00,AQUA_M-T,Argentina,Santiago del Estero,Banda,,"9",0,0.95,-27.668,-64.335,34.6,./0.png
-63.7600016686642,-27.8440052949263,"125",2019/08/04 17:20:00,AQUA_M-T,Argentina,Santiago del Estero,Robles,,"10",0,0.97,-27.844,-63.76,40.3,./0.png
-64.4600017417807,-27.8180052848223,"126",2019/08/04 17:20:00,AQUA_M-T,Argentina,Santiago del Estero,Capital,,"10",0,0.96,-27.818,-64.46,53.1,./0.png
-64.452001740942,-27.8180052849231,"127",2019/08/04 17:20:00,AQUA_M-T,Argentina,Santiago del Estero,Capital,,"10",0,0.96,-27.818,-64.452,85.2,./0.png
-64.4080017362966,-27.8160052853652,"128",2019/08/04 17:20:00,AQUA_M-T,Argentina,Santiago del Estero,Capital,,"10",0,0.96,-27.816,-64.408,45.2,./0.png
-64.4150017370148,-27.8150052852212,"129",2019/08/04 17:20:00,AQUA_M-T,Argentina,Santiago del Estero,Capital,,"10",0,0.96,-27.815,-64.415,63,./0.png
-63.9720016901242,-27.7900052893148,"130",2019/08/04 17:20:00,AQUA_M-T,Argentina,Santiago del Estero,Robles,,"10",0,0.97,-27.79,-63.972,42.1,./0.png
-63.9800016909029,-27.7860052889922,"131",2019/08/04 17:20:00,AQUA_M-T,Argentina,Santiago del Estero,Robles,,"10",0,0.97,-27.786,-63.98,45.5,./0.png
-63.9740016900561,-27.7720052882789,"132",2019/08/04 17:20:00,AQUA_M-T,Argentina,Santiago del Estero,Robles,,"10",0,0.97,-27.772,-63.974,35.7,./0.png
-64.4140017368304,-27.810005284954,"133",2019/08/04 14:40:00,TERRA_M-T,Argentina,Santiago del Estero,Capital,,"10",0,0.96,-27.81,-64.414,16.7,./0.png
-64.4260017380727,-27.8090052847471,"134",2019/08/04 14:40:00,TERRA_M-T,Argentina,Santiago del Estero,Capital,,"10",0,0.96,-27.809,-64.426,4.8,./0.png
-64.4120017364617,-27.8000052844195,"135",2019/08/04 14:40:00,TERRA_M-T,Argentina,Santiago del Estero,Capital,,"10",0,0.96,-27.8,-64.412,54.5,./0.png
-64.4240017377039,-27.7990052842126,"136",2019/08/04 14:40:00,TERRA_M-T,Argentina,Santiago del Estero,Capital,,"10",0,0.96,-27.799,-64.424,31.6,./0.png
-63.9620016891508,-27.7950052897179,"137",2019/08/04 14:40:00,TERRA_M-T,Argentina,Santiago del Estero,Robles,,"10",0,0.97,-27.795,-63.962,19,./0.png
-63.9750016904858,-27.7930052894466,"138",2019/08/04 14:40:00,TERRA_M-T,Argentina,Santiago del Estero,Robles,,"10",0,0.97,-27.793,-63.975,12,./0.png
-63.796001672544,-27.8500052948274,"139",2019/08/04 17:20:00,AQUA_M-T,Argentina,Santiago del Estero,Robles,,"10",0,0.97,-27.85,-63.796,263.7,./0.png
-63.801001673024,-27.8470052945984,"140",2019/08/04 17:20:00,AQUA_M-T,Argentina,Santiago del Estero,Robles,,"10",0,0.97,-27.847,-63.801,237,./0.png
-63.9820016908501,-27.7690052880125,"141",2019/08/04 17:20:00,AQUA_M-T,Argentina,Santiago del Estero,Robles,,"10",0,0.97,-27.769,-63.982,35.4,./0.png
-64.0730016991655,-27.6890052823976,"142",2019/08/04 17:20:00,AQUA_M-T,Argentina,Santiago del Estero,Banda,,"10",0,0.97,-27.689,-64.073,175.8,./0.png
-64.0770016995542,-27.687005282236,"143",2019/08/04 17:20:00,AQUA_M-T,Argentina,Santiago del Estero,Banda,,"10",0,0.97,-27.687,-64.077,149.7,./0.png
-64.0310016947123,-27.6860052827432,"144",2019/08/04 17:20:00,AQUA_M-T,Argentina,Santiago del Estero,Banda,,"10",0,0.97,-27.686,-64.031,164.1,./0.png
-64.0350016951011,-27.6840052825816,"145",2019/08/04 17:20:00,AQUA_M-T,Argentina,Santiago del Estero,Banda,,"10",0,0.97,-27.684,-64.035,185.7,./0.png
-63.8780016842077,-28.0460053047976,"146",2019/08/05 18:05:00,AQUA_M-T,Argentina,Santiago del Estero,San Martin,,"11",0,1,-28.046,-63.878,12,./0.png
-64.0890017057495,-28.0030052997964,"147",2019/08/05 18:05:00,AQUA_M-T,Argentina,Santiago del Estero,San Martin,,"11",0,1,-28.003,-64.089,7.4,./0.png
-64.0790017046816,-28.0020052998646,"148",2019/08/05 18:05:00,AQUA_M-T,Argentina,Santiago del Estero,San Martin,,"11",0,1,-28.002,-64.079,19.5,./0.png
-64.0810017047504,-27.9930052993378,"149",2019/08/05 18:05:00,AQUA_M-T,Argentina,Santiago del Estero,San Martin,,"11",0,1,-27.993,-64.081,19,./0.png
-64.0180016981215,-27.9930053001172,"150",2019/08/05 18:05:00,AQUA_M-T,Argentina,Santiago del Estero,Robles,,"11",0,1,-27.993,-64.018,4.8,./0.png
-64.317001727306,-27.8510052884649,"151",2019/08/05 18:05:00,AQUA_M-T,Argentina,Santiago del Estero,Capital,,"11",0,1,-27.851,-64.317,9.4,./0.png
-64.3070017262407,-27.8500052885341,"152",2019/08/05 18:05:00,AQUA_M-T,Argentina,Santiago del Estero,Capital,,"11",0,1,-27.85,-64.307,7.8,./0.png
-63.9830016913573,-27.795005289461,"153",2019/08/05 18:05:00,AQUA_M-T,Argentina,Santiago del Estero,Robles,,"11",0,1,-27.795,-63.983,39.5,./0.png
-63.9730016902912,-27.7940052895272,"154",2019/08/05 18:05:00,AQUA_M-T,Argentina,Santiago del Estero,Robles,,"11",0,1,-27.794,-63.973,76.2,./0.png
-64.2220017152457,-27.7180052821917,"155",2019/08/05 18:05:00,AQUA_M-T,Argentina,Santiago del Estero,Banda,,"11",0,,-27.718,-64.222,13.2,./0.png
-64.2590017182016,-27.6590052784154,"156",2019/08/05 18:05:00,AQUA_M-T,Argentina,Santiago del Estero,Banda,,"11",0,1,-27.659,-64.259,5.8,./0.png
-64.2400017160387,-27.6480052780316,"157",2019/08/05 18:05:00,AQUA_M-T,Argentina,Santiago del Estero,Banda,,"11",0,1,-27.648,-64.24,4.5,./0.png
-64.1780017095408,-27.6480052787975,"158",2019/08/05 18:05:00,AQUA_M-T,Argentina,Santiago del Estero,Banda,,"11",0,1,-27.648,-64.178,5.1,./0.png
-64.2220017139654,-27.6360052775785,"159",2019/08/05 18:05:00,AQUA_M-T,Argentina,Santiago del Estero,Banda,,"11",0,1,-27.636,-64.222,5.9,./0.png
-64.2110017127816,-27.6340052776017,"160",2019/08/05 18:05:00,AQUA_M-T,Argentina,Santiago del Estero,Banda,,"11",0,1,-27.634,-64.211,13.4,./0.png
-64.206001711527,-27.5870052750138,"161",2019/08/05 18:05:00,AQUA_M-T,Argentina,Santiago del Estero,Banda,,"11",0,1,-27.587,-64.206,9.3,./0.png
-64.1850017092806,-27.5840052751032,"162",2019/08/05 18:05:00,AQUA_M-T,Argentina,Santiago del Estero,Banda,,"11",0,1,-27.584,-64.185,4.5,./0.png
-64.1750017082175,-27.5830052751698,"163",2019/08/05 18:05:00,AQUA_M-T,Argentina,Santiago del Estero,Banda,,"11",0,1,-27.583,-64.175,8.7,./0.png
-64.0410016931776,-27.5180052731362,"164",2019/08/05 18:05:00,AQUA_M-T,Argentina,Santiago del Estero,Banda,,"11",0,1,-27.518,-64.041,7.7,./0.png
-64.2770017168342,-27.4500052663968,"165",2019/08/05 18:05:00,AQUA_M-T,Argentina,Santiago del Estero,Banda,,"11",0,1,-27.45,-64.277,33.1,./0.png
-64.1640017049208,-27.4440052674445,"166",2019/08/05 18:05:00,AQUA_M-T,Argentina,Santiago del Estero,Banda,,"11",0,1,-27.444,-64.164,5.3,./0.png
-64.279001716904,-27.4410052658626,"167",2019/08/05 18:05:00,AQUA_M-T,Argentina,Santiago del Estero,Banda,,"11",0,1,-27.441,-64.279,23.3,./0.png
-64.3370017220999,-27.3850052619746,"168",2019/08/05 18:05:00,AQUA_M-T,Argentina,Santiago del Estero,Banda,,"11",0,1,-27.385,-64.337,23.7,./0.png
-64.5100017510651,-28.0690052981718,"169",2019/08/06 14:30:00,TERRA_M-T,Argentina,Santiago del Estero,Capital,,"12",0,1,-28.069,-64.51,4.3,./0.png
-64.2150017143396,-27.7070052816602,"170",2019/08/06 14:30:00,TERRA_M-T,Argentina,Santiago del Estero,Banda,,"12",0,1,-27.707,-64.215,9.6,./0.png
-64.2250017153726,-27.7060052814801,"171",2019/08/06 14:30:00,TERRA_M-T,Argentina,Santiago del Estero,Banda,,"12",0,1,-27.706,-64.225,7.9,./0.png
-64.3040017236072,-27.7030052803305,"172",2019/08/06 14:30:00,TERRA_M-T,Argentina,Santiago del Estero,Banda,,"12",0,1,-27.703,-64.304,3.7,./0.png
-63.9190016804223,-27.520005274729,"173",2019/08/06 14:30:00,TERRA_M-T,Argentina,Santiago del Estero,Figueroa,,"12",0,1,-27.52,-63.919,4.9,./0.png
-64.636001763531,-28.0220052939509,"174",2019/08/06 14:30:00,TERRA_M-T,Argentina,Santiago del Estero,Guasayan,,"69",0,1,-28.022,-64.636,15.8,./0.png
-63.9770016907579,-27.7970052896468,"175",2019/08/06 14:30:00,TERRA_M-T,Argentina,Santiago del Estero,Robles,,"12",0,1,-27.797,-63.977,7.7,./0.png
-64.1230017060456,-27.7940052876837,"176",2019/08/06 14:30:00,TERRA_M-T,Argentina,Santiago del Estero,Robles,,"12",0,1,-27.794,-64.123,4.7,./0.png
-64.1330017070799,-27.7930052875041,"177",2019/08/06 14:30:00,TERRA_M-T,Argentina,Santiago del Estero,Robles,,"12",0,1,-27.793,-64.133,4.1,./0.png
-63.9400016863763,-27.7650052883006,"178",2019/08/06 14:30:00,TERRA_M-T,Argentina,Santiago del Estero,Robles,,"12",0,1,-27.765,-63.94,6.4,./0.png
-63.9380016860275,-27.7560052878188,"179",2019/08/06 14:30:00,TERRA_M-T,Argentina,Santiago del Estero,Robles,,"12",0,1,-27.756,-63.938,6,./0.png
-64.2330017113378,-27.3920052636511,"180",2019/08/06 14:30:00,TERRA_M-T,Argentina,Santiago del Estero,Banda,,"12",0,1,-27.392,-64.233,14.3,./0.png
-64.6550017658676,-28.0430052948723,"181",2019/08/06 18:50:00,AQUA_M-T,Argentina,Santiago del Estero,Guasayan,,"69",0,1,-28.043,-64.655,37.8,./0.png
-64.6630017665439,-28.0330052942146,"182",2019/08/06 18:50:00,AQUA_M-T,Argentina,Santiago del Estero,Guasayan,,"69",0,1,-28.033,-64.663,32.9,./0.png
-63.9980016930727,-27.8040052897827,"183",2019/08/06 18:50:00,AQUA_M-T,Argentina,Santiago del Estero,Robles,,"12",0,1,-27.804,-63.998,68.2,./0.png
-63.9620016891663,-27.7960052897741,"184",2019/08/06 18:50:00,AQUA_M-T,Argentina,Santiago del Estero,Robles,,"12",0,1,-27.796,-63.962,79.8,./0.png
-63.9720016900933,-27.7880052892024,"185",2019/08/06 18:50:00,AQUA_M-T,Argentina,Santiago del Estero,Robles,,"12",0,1,-27.788,-63.972,110.7,./0.png
-64.2390017180167,-27.7810052855173,"186",2019/08/06 18:50:00,AQUA_M-T,Argentina,Santiago del Estero,Banda,,"12",0,1,-27.781,-64.239,39.9,./0.png
-64.2040017142189,-27.7730052855031,"187",2019/08/06 18:50:00,AQUA_M-T,Argentina,Santiago del Estero,Banda,,"12",0,1,-27.773,-64.204,61.2,./0.png
-64.2110017148436,-27.7660052850235,"188",2019/08/06 18:50:00,AQUA_M-T,Argentina,Santiago del Estero,Banda,,"12",0,1,-27.766,-64.211,68.2,./0.png
-64.4750017421419,-27.742005280378,"189",2019/08/06 18:50:00,AQUA_M-T,Argentina,Santiago del Estero,Capital,,"12",0,1,-27.742,-64.475,65.2,./0.png
-64.1160017023136,-27.6010052769102,"190",2019/08/06 18:50:00,AQUA_M-T,Argentina,Santiago del Estero,Banda,,"12",0,1,-27.601,-64.116,91.4,./0.png
-64.1100017015612,-27.5930052765323,"191",2019/08/06 18:50:00,AQUA_M-T,Argentina,Santiago del Estero,Banda,,"12",0,1,-27.593,-64.11,160,./0.png
-64.0800016984168,-27.5930052768996,"192",2019/08/06 18:50:00,AQUA_M-T,Argentina,Santiago del Estero,Banda,,"12",0,1,-27.593,-64.08,157.8,./0.png
-64.0740016976647,-27.5850052765213,"193",2019/08/06 18:50:00,AQUA_M-T,Argentina,Santiago del Estero,Banda,,"12",0,1,-27.585,-64.074,100.4,./0.png
-63.9660016863262,-27.5840052777807,"194",2019/08/06 18:50:00,AQUA_M-T,Argentina,Santiago del Estero,Figueroa,,"12",0,1,-27.584,-63.966,128.1,./0.png
-63.9190016813815,-27.5830052782941,"195",2019/08/06 18:50:00,AQUA_M-T,Argentina,Santiago del Estero,Figueroa,,"12",0,1,-27.583,-63.919,78.5,./0.png
-64.2780017189274,-27.5780052736169,"196",2019/08/06 18:50:00,AQUA_M-T,Argentina,Santiago del Estero,Banda,,"12",0,1,-27.578,-64.278,32.7,./0.png
-63.9600016855747,-27.5760052774014,"197",2019/08/06 18:50:00,AQUA_M-T,Argentina,Santiago del Estero,Figueroa,,"12",0,1,-27.576,-63.96,123.8,./0.png
-63.9290016823236,-27.5760052777772,"198",2019/08/06 18:50:00,AQUA_M-T,Argentina,Santiago del Estero,Figueroa,,"12",0,1,-27.576,-63.929,297.6,./0.png
-63.9230016815571,-27.5670052773409,"199",2019/08/06 18:50:00,AQUA_M-T,Argentina,Santiago del Estero,Figueroa,,"12",0,1,-27.567,-63.923,126.8,./0.png
-64.3860017337355,-27.800005284746,"200",2019/08/07 15:10:00,TERRA_M-T,Argentina,Santiago del Estero,Capital,,"13",0,1,-27.8,-64.386,39.3,./0.png
-64.3810017331636,-27.7970052846407,"201",2019/08/07 15:10:00,TERRA_M-T,Argentina,Santiago del Estero,Capital,,"13",0,1,-27.797,-64.381,44.8,./0.png
-63.9970016883383,-27.5030052728217,"202",2019/08/07 15:10:00,TERRA_M-T,Argentina,Santiago del Estero,Banda,,"13",0,1,-27.503,-63.997,82.4,./0.png
-63.9920016877838,-27.5010052727691,"203",2019/08/07 15:10:00,TERRA_M-T,Argentina,Santiago del Estero,Banda,,"13",0,1,-27.501,-63.992,84.2,./0.png
-64.1470017097245,-27.8680052915338,"204",2019/08/07 17:55:00,AQUA_M-T,Argentina,Santiago del Estero,Robles,,"13",0,1,-27.868,-64.147,11.4,./0.png
-64.1420017090424,-27.8580052910359,"205",2019/08/07 17:55:00,AQUA_M-T,Argentina,Santiago del Estero,Robles,,"13",0,1,-27.858,-64.142,5.8,./0.png
-63.9720016954442,-28.1310053083747,"206",2019/08/07 17:55:00,AQUA_M-T,Argentina,Santiago del Estero,San Martin,,"13",0,1,-28.131,-63.972,12.2,./0.png
-63.9590016940426,-28.1290053084242,"207",2019/08/07 17:55:00,AQUA_M-T,Argentina,Santiago del Estero,San Martin,,"13",0,1,-28.129,-63.959,6.6,./0.png
-64.2830017201064,-27.6200052759222,"208",2019/08/07 17:55:00,AQUA_M-T,Argentina,Santiago del Estero,Banda,,"13",0,1,-27.62,-64.283,18.2,./0.png
-64.0050016892375,-27.5070052729512,"209",2019/08/07 17:55:00,AQUA_M-T,Argentina,Santiago del Estero,Banda,,"13",0,1,-27.507,-64.005,56.7,./0.png
-63.9920016878449,-27.5050052729957,"210",2019/08/07 17:55:00,AQUA_M-T,Argentina,Santiago del Estero,Banda,,"13",0,1,-27.505,-63.992,57.8,./0.png
-63.9830016868103,-27.499005272765,"211",2019/08/08 14:15:00,TERRA_M-T,Argentina,Santiago del Estero,Banda,,"14",0,0.93,-27.499,-63.983,21.8,./0.png
-63.9950016880372,-27.4970052725061,"212",2019/08/08 14:15:00,TERRA_M-T,Argentina,Santiago del Estero,Banda,,"14",0,0.93,-27.497,-63.995,25.7,./0.png
-64.299001721048,-27.5730052730749,"213",2019/08/09 17:40:00,AQUA_M-T,Argentina,Santiago del Estero,Banda,,"15",0,0.9,-27.573,-64.299,12.9,./0.png
-63.9110016849958,-27.8730052947184,"214",2019/08/09 17:40:00,AQUA_M-T,Argentina,Santiago del Estero,Robles,,"15",0,0.89,-27.873,-63.911,53.7,./0.png
-63.8030016732191,-27.846005294518,"215",2019/08/09 17:40:00,AQUA_M-T,Argentina,Santiago del Estero,Robles,,"15",0,0.89,-27.846,-63.803,15.1,./0.png
-63.9130016841557,-27.8050052908779,"216",2019/08/10 14:05:00,TERRA_M-T,Argentina,Santiago del Estero,Robles,,"16",0,0.98,-27.805,-63.913,24.5,./0.png
-64.4620017441362,-27.9520052922766,"217",2019/08/10 18:25:00,AQUA_M-T,Argentina,Santiago del Estero,Capital,,"16",0,0.96,-27.952,-64.462,8.9,./0.png
-64.2980017251695,-27.842005288199,"218",2019/08/10 18:25:00,AQUA_M-T,Argentina,Santiago del Estero,Capital,,"16",0,0.98,-27.842,-64.298,10.5,./0.png
-64.2840017236528,-27.8390052882061,"219",2019/08/10 18:25:00,AQUA_M-T,Argentina,Santiago del Estero,Capital,,"16",0,,-27.839,-64.284,9.8,./0.png
-63.9140016842917,-27.807005290978,"220",2019/08/10 18:25:00,AQUA_M-T,Argentina,Santiago del Estero,Robles,,"16",0,0.98,-27.807,-63.914,20.2,./0.png
-63.9300016858499,-27.7990052903335,"221",2019/08/10 18:25:00,AQUA_M-T,Argentina,Santiago del Estero,Robles,,"16",0,0.98,-27.799,-63.93,11.5,./0.png
-63.9160016843477,-27.7970052903918,"222",2019/08/10 18:25:00,AQUA_M-T,Argentina,Santiago del Estero,Robles,,"16",0,0.98,-27.797,-63.916,13.6,./0.png
-64.1230017059832,-27.7900052874592,"223",2019/08/10 18:25:00,AQUA_M-T,Argentina,Santiago del Estero,Robles,,"2",0,0.98,-27.79,-64.123,9.2,./0.png
-64.6250017577212,-27.7340052780326,"224",2019/08/10 18:25:00,AQUA_M-T,Argentina,Santiago del Estero,Capital,,"58",0,0.97,-27.734,-64.625,18,./0.png
-64.6120017563284,-27.7320052780857,"225",2019/08/10 18:25:00,AQUA_M-T,Argentina,Santiago del Estero,Capital,,"58",0,0.97,-27.732,-64.612,21.2,./0.png
-64.1890017096066,-27.5780052747154,"226",2019/08/10 18:25:00,AQUA_M-T,Argentina,Santiago del Estero,Banda,,"16",0,0.99,-27.578,-64.189,43.6,./0.png
-63.8240016778661,-28.0040053031131,"227",2019/08/11 17:30:00,AQUA_M-T,Argentina,Santiago del Estero,San Martin,,"17",0,1,-28.004,-63.824,43.2,./0.png
-63.8170016770822,-28.0010053030308,"228",2019/08/11 17:30:00,AQUA_M-T,Argentina,Santiago del Estero,Robles,,"17",0,1,-28.001,-63.817,108.8,./0.png
-63.8250016777237,-27.9880053022066,"229",2019/08/11 17:30:00,AQUA_M-T,Argentina,Santiago del Estero,Robles,,"17",0,1,-27.988,-63.825,73.5,./0.png
-63.8180016769554,-27.9860053021801,"230",2019/08/11 17:30:00,AQUA_M-T,Argentina,Santiago del Estero,Robles,,"17",0,1,-27.986,-63.818,22.4,./0.png
-64.5500017552831,-28.0700052977164,"231",2019/08/12 18:10:00,AQUA_M-T,Argentina,Santiago del Estero,Capital,,"0",0,0,-28.07,-64.55,5.9,./0.png
-64.5390017540953,-28.0680052977461,"232",2019/08/12 18:10:00,AQUA_M-T,Argentina,Santiago del Estero,Capital,,"0",0,0,-28.068,-64.539,9.4,./0.png
-63.9200016873855,-27.9660052998148,"233",2019/08/12 18:10:00,AQUA_M-T,Argentina,Santiago del Estero,Robles,,"0",0,0,-27.966,-63.92,4,./0.png
-64.3600017319294,-27.8580052883173,"234",2019/08/12 18:10:00,AQUA_M-T,Argentina,Santiago del Estero,Capital,,"0",0,0,-27.858,-64.36,27.8,./0.png
-64.3490017307434,-27.8560052883435,"235",2019/08/12 18:10:00,AQUA_M-T,Argentina,Santiago del Estero,Capital,,"0",0,0,-27.856,-64.349,27.4,./0.png
-64.1280017053082,-27.713005283072,"236",2019/08/12 18:10:00,AQUA_M-T,Argentina,Santiago del Estero,Banda,,"0",0,0,-27.713,-64.128,4.6,./0.png
-64.117001704123,-27.711005283095,"237",2019/08/12 18:10:00,AQUA_M-T,Argentina,Santiago del Estero,Banda,,"0",0,0,-27.711,-64.117,7.3,./0.png
-64.5600017504214,-27.7030052771192,"238",2019/08/12 18:10:00,AQUA_M-T,Argentina,Santiago del Estero,Capital,,"0",0,0,-27.703,-64.56,6.9,./0.png
-63.9730016885329,-27.6800052831134,"239",2019/08/12 18:10:00,AQUA_M-T,Argentina,Santiago del Estero,Banda,,"0",0,0,-27.68,-63.973,10.8,./0.png
-63.9630016874526,-27.6780052831225,"240",2019/08/12 18:10:00,AQUA_M-T,Argentina,Santiago del Estero,Banda,,"0",0,0,-27.678,-63.963,6.3,./0.png
-64.0310017009359,-28.0850053050848,"241",2019/03/06 14:35:00,TERRA_M-T,Argentina,Santiago del Estero,San Martin,,"33",0,1,-28.085,-64.031,8.8,./0.png
-64.5490017555521,-28.0930052990048,"242",2019/08/13 18:55:00,AQUA_M-T,Argentina,Santiago del Estero,Capital,,"0",0,0,-28.093,-64.549,38.3,./0.png
-64.5240017529255,-28.0930052993244,"243",2019/08/14 05:50:00,AQUA_M-M,Argentina,Santiago del Estero,Capital,,"0",0,0,-28.093,-64.524,30.9,./0.png
-64.5180017522626,-28.0910052992902,"244",2019/08/14 05:50:00,AQUA_M-M,Argentina,Santiago del Estero,Capital,,"0",0,0,-28.091,-64.518,18.3,./0.png
-64.1340017038446,-27.5780052753913,"245",2019/02/18 14:35:00,TERRA_M-T,Argentina,Santiago del Estero,Banda,,"6",0,,-27.578,-64.134,6.5,./0.png
-64.1360017040696,-27.5790052754232,"246",2019/02/19 18:00:00,AQUA_M-T,Argentina,Santiago del Estero,Banda,,"7",0,,-27.579,-64.136,9.7,./0.png
-63.8870016819003,-27.8360052929356,"247",2019/03/01 14:15:00,TERRA_M-T,Argentina,Santiago del Estero,Robles,,"28",0,1,-27.836,-63.887,8.6,./0.png
-64.0040016950084,-27.888005294419,"248",2019/04/06 18:10:00,AQUA_M-T,Argentina,Santiago del Estero,Robles,,"0",0,0.34,-27.888,-64.004,14.3,./0.png
-64.2460017158255,-27.5940052749149,"249",2019/04/06 18:10:00,AQUA_M-T,Argentina,Santiago del Estero,Banda,,"0",0,0.21,-27.594,-64.246,6.3,./0.png
-64.2360017147471,-27.5920052749257,"250",2019/04/06 18:10:00,AQUA_M-T,Argentina,Santiago del Estero,Banda,,"0",0,0.13,-27.592,-64.236,5.7,./0.png
-63.8380016793409,-28.0040053029422,"251",2019/04/09 14:25:00,TERRA_M-T,Argentina,Santiago del Estero,San Martin,,"4",0,1,-28.004,-63.838,5.3,./0.png
-63.8250016735424,-27.7160052869387,"252",2019/06/04 17:55:00,AQUA_M-T,Argentina,Santiago del Estero,Figueroa,,"10",0,1,-27.716,-63.825,6,./0.png
-64.2010017113449,-27.6090052763162,"253",2019/06/04 17:55:00,AQUA_M-T,Argentina,Santiago del Estero,Banda,,"10",0,1,-27.609,-64.201,9.9,./0.png
-64.4240017406445,-27.9830052944842,"254",2019/06/05 14:15:00,TERRA_M-T,Argentina,Santiago del Estero,Capital,,"7",0.03,1,-27.983,-64.424,3.9,./0.png
-64.4360017418725,-27.981005294221,"255",2019/06/05 14:15:00,TERRA_M-T,Argentina,Santiago del Estero,Capital,,"7",0.03,1,-27.981,-64.436,4.6,./0.png
-64.1970017108171,-27.6020052759708,"256",2019/06/05 14:15:00,TERRA_M-T,Argentina,Santiago del Estero,Banda,,"11",0,1,-27.602,-64.197,9,./0.png
-64.4560017443428,-28.0040052952474,"257",2019/06/20 17:55:00,AQUA_M-T,Argentina,Santiago del Estero,Capital,,"7",0,0.94,-28.004,-64.456,16.4,./0.png
-64.4430017429614,-28.0030052953566,"258",2019/06/20 17:55:00,AQUA_M-T,Argentina,Santiago del Estero,Capital,,"7",0,0.94,-28.003,-64.443,20,./0.png
-64.4440017428894,-27.9920052947319,"259",2019/06/20 17:55:00,AQUA_M-T,Argentina,Santiago del Estero,Capital,,"7",0,0.94,-27.992,-64.444,18.5,./0.png
-64.2030017094946,-27.4760052687787,"260",2019/06/20 17:55:00,AQUA_M-T,Argentina,Santiago del Estero,Banda,,"7",0,0.97,-27.476,-64.203,12.1,./0.png
-64.1900017081188,-27.4750052688816,"261",2019/06/20 17:55:00,AQUA_M-T,Argentina,Santiago del Estero,Banda,,"10",0,0.98,-27.475,-64.19,11,./0.png
-64.0160016944831,-27.773005287821,"262",2019/08/14 18:00:00,AQUA_M-T,Argentina,Santiago del Estero,Robles,,"0",0,0,-27.773,-64.016,6.1,./0.png
-64.7290017684589,-27.7250052762037,"263",2019/08/14 18:00:00,AQUA_M-T,Argentina,Santiago del Estero,Guasayan,,"0",0,0,-27.725,-64.729,10.2,./0.png
-64.1250017051023,-27.7200052835026,"264",2019/08/14 18:00:00,AQUA_M-T,Argentina,Santiago del Estero,Banda,,"0",0,0,-27.72,-64.125,4.4,./0.png
-64.7300017684021,-27.7150052756311,"265",2019/08/14 18:00:00,AQUA_M-T,Argentina,Santiago del Estero,Guasayan,,"0",0,0,-27.715,-64.73,9.9,./0.png
-64.7190017672354,-27.7140052757156,"266",2019/08/14 18:00:00,AQUA_M-T,Argentina,Santiago del Estero,Guasayan,,"0",0,0,-27.714,-64.719,5.2,./0.png
-63.8610016771563,-27.7050052858831,"267",2019/08/14 18:00:00,AQUA_M-T,Argentina,Santiago del Estero,Robles,,"0",0,0,-27.705,-63.861,5.3,./0.png
-63.8500016759856,-27.70400528596,"268",2019/08/14 18:00:00,AQUA_M-T,Argentina,Santiago del Estero,Figueroa,,"0",0,0,-27.704,-63.85,6.3,./0.png
-64.1360017057587,-27.688005281567,"269",2019/08/14 18:00:00,AQUA_M-T,Argentina,Santiago del Estero,Banda,,"0",0,0,-27.688,-64.136,3,./0.png
-63.9990016906616,-27.6410052805976,"270",2019/08/14 18:00:00,AQUA_M-T,Argentina,Santiago del Estero,Banda,,"0",0,0,-27.641,-63.999,9.3,./0.png
-64.0000016906282,-27.6320052800776,"271",2019/08/14 18:00:00,AQUA_M-T,Argentina,Santiago del Estero,Banda,,"0",0,0,-27.632,-64,15.5,./0.png
-64.2770017184955,-27.5570052724445,"272",2019/08/14 18:00:00,AQUA_M-T,Argentina,Santiago del Estero,Banda,,"0",0,0,-27.557,-64.277,6.4,./0.png
-64.2110017114457,-27.5480052727509,"273",2019/08/14 18:00:00,AQUA_M-T,Argentina,Santiago del Estero,Banda,,"0",0,0,-27.548,-64.211,18.5,./0.png
-64.2000017102783,-27.5470052728298,"274",2019/08/14 18:00:00,AQUA_M-T,Argentina,Santiago del Estero,Banda,,"0",0,0,-27.547,-64.2,4.2,./0.png
-64.237001711833,-27.3970052638856,"275",2019/08/14 18:00:00,AQUA_M-T,Argentina,Santiago del Estero,Banda,,"0",0,0,-27.397,-64.237,12.7,./0.png
-64.4000017379957,-27.9750052943422,"276",2019/08/15 14:20:00,TERRA_M-T,Argentina,Santiago del Estero,Capital,,"0",0,0,-27.975,-64.4,55.4,./0.png
-64.4100017390138,-27.9730052941044,"277",2019/08/15 14:20:00,TERRA_M-T,Argentina,Santiago del Estero,Capital,,"0",0,0,-27.973,-64.41,21.6,./0.png
-64.1170017051972,-27.780005286972,"278",2019/08/15 14:20:00,TERRA_M-T,Argentina,Santiago del Estero,Robles,,"0",0,0,-27.78,-64.117,4.5,./0.png
-64.6780017677259,-28.0090052926895,"279",2019/08/15 18:40:00,AQUA_M-T,Argentina,Santiago del Estero,Guasayan,,"0",0,0,-28.009,-64.678,29.7,./0.png
-64.7010017700895,-28.006005292227,"280",2019/08/15 18:40:00,AQUA_M-T,Argentina,Santiago del Estero,Guasayan,,"0",0,0,-28.006,-64.701,476.4,./0.png
-64.7070017706372,-28.0010052918722,"281",2019/08/15 18:40:00,AQUA_M-T,Argentina,Santiago del Estero,Guasayan,,"0",0,0,-28.001,-64.707,252,./0.png
-64.6750017672643,-28.0000052922283,"282",2019/08/15 18:40:00,AQUA_M-T,Argentina,Santiago del Estero,Guasayan,,"0",0,0,-28,-64.675,29.1,./0.png
-64.6810017678284,-27.996005291929,"283",2019/08/15 18:40:00,AQUA_M-T,Argentina,Santiago del Estero,Guasayan,,"0",0,0,-27.996,-64.681,75.5,./0.png
-64.3840017336845,-27.8100052853309,"284",2019/06/27 18:00:00,AQUA_M-T,Argentina,Santiago del Estero,Capital,,"14",0,0.92,-27.81,-64.384,18.3,./0.png
-64.3730017324991,-27.808005285357,"285",2019/06/27 18:00:00,AQUA_M-T,Argentina,Santiago del Estero,Capital,,"14",0,0.92,-27.808,-64.373,12.4,./0.png
-64.0030016959954,-27.9580052983473,"286",2019/06/27 18:00:00,AQUA_M-T,Argentina,Santiago del Estero,Robles,,"14",0,0.94,-27.958,-64.003,8.8,./0.png
-64.0290016978085,-27.8990052947272,"287",2019/06/27 18:00:00,AQUA_M-T,Argentina,Santiago del Estero,Robles,,"14",0,0.94,-27.899,-64.029,5.2,./0.png
-64.3330017277661,-27.7740052839532,"288",2019/06/27 18:00:00,AQUA_M-T,Argentina,Santiago del Estero,Capital,,"14",0,0.92,-27.774,-64.333,5.8,./0.png
-63.8170016732363,-27.7510052890069,"289",2019/06/27 18:00:00,AQUA_M-T,Argentina,Santiago del Estero,Figueroa,,"11",0,0.95,-27.751,-63.817,4.3,./0.png
-64.5390017478409,-27.6790052760379,"290",2019/06/27 18:00:00,AQUA_M-T,Argentina,Santiago del Estero,Rio Hondo,,"14",0,0.91,-27.679,-64.539,7.9,./0.png
-64.3560017286156,-27.6750052781091,"291",2019/06/27 18:00:00,AQUA_M-T,Argentina,Santiago del Estero,Banda,,"14",0,0.93,-27.675,-64.356,5.6,./0.png
-64.00800169532,-27.8810052939778,"292",2019/06/26 14:35:00,TERRA_M-T,Argentina,Santiago del Estero,Robles,,"13",0,0.85,-27.881,-64.008,12.7,./0.png
-64.2020017113098,-27.6000052757964,"293",2019/06/26 14:35:00,TERRA_M-T,Argentina,Santiago del Estero,Banda,,"13",0,0.85,-27.6,-64.202,6,./0.png
-64.0210016997252,-28.0750053046519,"294",2019/06/26 18:55:00,AQUA_M-T,Argentina,Santiago del Estero,San Martin,,"11",0,0.85,-28.075,-64.021,34.9,./0.png
-64.642001764014,-28.0130052933741,"295",2019/08/16 15:05:00,TERRA_M-T,Argentina,Santiago del Estero,Guasayan,,"0",0,0,-28.013,-64.642,281.7,./0.png
-64.2880017179691,-27.4490052662045,"296",2019/07/02 18:20:00,AQUA_M-T,Argentina,Santiago del Estero,Banda,,"19",0.01,0.89,-27.449,-64.288,4.4,./0.png
-64.2900017180389,-27.4400052656704,"297",2019/07/02 18:20:00,AQUA_M-T,Argentina,Santiago del Estero,Banda,,"19",0.01,0.9,-27.44,-64.29,5.8,./0.png
-64.5220017433859,-27.5100052667426,"298",2019/08/17 18:30:00,AQUA_M-T,Argentina,Santiago del Estero,Banda,,"0",0,0,-27.51,-64.522,29.4,./0.png
-64.2500017212377,-27.9120052927125,"299",2019/08/18 17:35:00,AQUA_M-T,Argentina,Santiago del Estero,Capital,,"24",0.05,0.98,-27.912,-64.25,25.2,./0.png
-64.2310017191312,-27.9050052925586,"300",2019/08/18 17:35:00,AQUA_M-T,Argentina,Santiago del Estero,Capital,,"24",0.05,0.98,-27.905,-64.231,22.3,./0.png
-64.2670017192277,-27.6710052789914,"301",2019/08/18 17:35:00,AQUA_M-T,Argentina,Santiago del Estero,Banda,,"24",0.62,0.98,-27.671,-64.267,39.7,./0.png
-64.2410017164715,-27.6690052792012,"302",2019/08/18 17:35:00,AQUA_M-T,Argentina,Santiago del Estero,Banda,,"24",0.62,0.98,-27.669,-64.241,35.5,./0.png
-64.2480017171426,-27.6650052788894,"303",2019/08/18 05:30:00,AQUA_M-M,Argentina,Santiago del Estero,Banda,,"24",0.62,0.98,-27.665,-64.248,10.7,./0.png
-64.2360017157601,-27.6570052785878,"304",2019/08/18 05:30:00,AQUA_M-M,Argentina,Santiago del Estero,Banda,,"24",0.62,0.98,-27.657,-64.236,8.8,./0.png
-64.2470017168972,-27.6560052783953,"305",2019/08/18 05:30:00,AQUA_M-M,Argentina,Santiago del Estero,Banda,,"24",0.62,0.98,-27.656,-64.247,25.5,./0.png
-64.2720017196891,-27.6670052787043,"306",2019/08/18 17:35:00,AQUA_M-T,Argentina,Santiago del Estero,Banda,,"24",0.62,0.98,-27.667,-64.272,27.2,./0.png
-64.246001716933,-27.6650052789142,"307",2019/08/18 17:35:00,AQUA_M-T,Argentina,Santiago del Estero,Banda,,"24",0.62,0.98,-27.665,-64.246,60.8,./0.png
-64.6570017654901,-28.0070052928484,"308",2019/08/16 17:45:00,AQUA_M-T,Argentina,Santiago del Estero,Guasayan,,"0",0,0,-28.007,-64.657,20.9,./0.png
-63.922001685256,-27.8150052913298,"309",2019/08/16 17:45:00,AQUA_M-T,Argentina,Santiago del Estero,Robles,,"0",0,0,-27.815,-63.922,15.8,./0.png
-64.0750017001816,-27.7410052852984,"310",2019/07/05 14:30:00,TERRA_M-T,Argentina,Santiago del Estero,Banda,,"22",0,0.81,-27.741,-64.075,6.2,./0.png
-64.3240017210511,-27.4050052632686,"311",2019/08/19 18:15:00,AQUA_M-T,Argentina,Santiago del Estero,Banda,,"0",0,0,-27.405,-64.324,9.8,./0.png
-64.2290017110427,-27.4000052641539,"312",2019/08/19 18:15:00,AQUA_M-T,Argentina,Santiago del Estero,Banda,,"0",0,0,-27.4,-64.229,6.6,./0.png
-63.9420016892808,-27.939005298035,"313",2019/07/06 17:55:00,AQUA_M-T,Argentina,Santiago del Estero,Robles,,"23",0,0.88,-27.939,-63.942,7.5,./0.png
-64.4480017406821,-27.8280052855328,"314",2019/07/06 17:55:00,AQUA_M-T,Argentina,Santiago del Estero,Capital,,"23",0,0.86,-27.828,-64.448,6.8,./0.png
-64.0700017009164,-27.822005289908,"315",2019/07/06 17:55:00,AQUA_M-T,Argentina,Santiago del Estero,Robles,,"23",0,,-27.822,-64.07,8.9,./0.png
-64.3490017292858,-27.7640052831926,"316",2019/07/06 17:55:00,AQUA_M-T,Argentina,Santiago del Estero,Capital,,"23",0,0.86,-27.764,-64.349,42.7,./0.png
-64.336001727907,-27.763005283299,"317",2019/07/06 17:55:00,AQUA_M-T,Argentina,Santiago del Estero,Capital,,"23",0,0.86,-27.763,-64.336,51.1,./0.png
-64.3510017293374,-27.7540052826069,"318",2019/07/06 17:55:00,AQUA_M-T,Argentina,Santiago del Estero,Capital,,"23",0,0.86,-27.754,-64.351,21,./0.png
-64.3370017278381,-27.7520052826697,"319",2019/07/06 17:55:00,AQUA_M-T,Argentina,Santiago del Estero,Capital,,"23",0,0.87,-27.752,-64.337,33.6,./0.png
-64.084001697314,-27.4940052712537,"320",2019/07/07 18:35:00,AQUA_M-T,Argentina,Santiago del Estero,Banda,,"24",0.02,0.9,-27.494,-64.084,20.6,./0.png
-64.091001697909,-27.4850052706588,"321",2019/07/07 18:35:00,AQUA_M-T,Argentina,Santiago del Estero,Banda,,"24",0.02,0.9,-27.485,-64.091,20.4,./0.png
-63.7830016724667,-27.9340052996959,"322",2019/08/20 14:40:00,TERRA_M-T,Argentina,Santiago del Estero,Robles,,"0",0,0,-27.934,-63.783,5.9,./0.png
-64.4530017414139,-27.8410052861965,"323",2019/08/20 14:40:00,TERRA_M-T,Argentina,Santiago del Estero,Capital,,"0",0,0,-27.841,-64.453,8.1,./0.png
-64.1950017142001,-27.8320052889225,"324",2019/08/20 14:40:00,TERRA_M-T,Argentina,Santiago del Estero,Robles,,"0",0,0,-27.832,-64.195,7.3,./0.png
-64.258001726336,-28.1790053074679,"325",2019/07/08 15:00:00,TERRA_M-T,Argentina,Santiago del Estero,Silipica,,"25",0.11,0.93,-28.179,-64.258,17.8,./0.png
-64.3180017259249,-27.7570052831873,"326",2019/07/08 15:00:00,TERRA_M-T,Argentina,Santiago del Estero,Capital,,"25",0,0.92,-27.757,-64.318,18.5,./0.png
-64.3120017252012,-27.7510052829256,"327",2019/07/08 15:00:00,TERRA_M-T,Argentina,Santiago del Estero,Capital,,"25",0,0.92,-27.751,-64.312,19,./0.png
-64.4760017443538,-27.8740052877494,"328",2019/07/08 17:40:00,AQUA_M-T,Argentina,Santiago del Estero,Capital,,"25",0.15,0.9,-27.874,-64.476,34.6,./0.png
-64.4550017421191,-27.8720052879032,"329",2019/07/08 17:40:00,AQUA_M-T,Argentina,Santiago del Estero,Capital,,"25",0.15,0.9,-27.872,-64.455,99.3,./0.png
-64.4560017420161,-27.8590052871645,"330",2019/07/08 17:40:00,AQUA_M-T,Argentina,Santiago del Estero,Capital,,"25",0.15,0.9,-27.859,-64.456,54.8,./0.png
-64.3430017287673,-27.77100528366,"331",2019/07/08 17:40:00,AQUA_M-T,Argentina,Santiago del Estero,Capital,,"25",0,0.92,-27.771,-64.343,41.8,./0.png
-64.3230017266386,-27.7690052837978,"332",2019/07/08 17:40:00,AQUA_M-T,Argentina,Santiago del Estero,Capital,,"25",0,0.92,-27.769,-64.323,66,./0.png
-64.0990017024053,-27.7220052839351,"333",2019/07/08 17:40:00,AQUA_M-T,Argentina,Santiago del Estero,Banda,,"25",0,0.93,-27.722,-64.099,215,./0.png
-64.079001700291,-27.7210052841247,"334",2019/07/08 17:40:00,AQUA_M-T,Argentina,Santiago del Estero,Banda,,"25",0,0.93,-27.721,-64.079,26.4,./0.png
-64.1070017032137,-27.7200052837242,"335",2019/07/08 17:40:00,AQUA_M-T,Argentina,Santiago del Estero,Banda,,"6",0.17,0.93,-27.72,-64.107,87.9,./0.png
-64.087001701084,-27.7180052838577,"336",2019/07/08 17:40:00,AQUA_M-T,Argentina,Santiago del Estero,Banda,,"25",0,0.93,-27.718,-64.087,92.3,./0.png
-63.9960016902393,-27.6340052802392,"337",2019/07/08 17:40:00,AQUA_M-T,Argentina,Santiago del Estero,Banda,,"25",0,0.94,-27.634,-63.996,14.4,./0.png
-64.6890017691413,-28.0250052934362,"338",2019/08/21 18:05:00,AQUA_M-T,Argentina,Santiago del Estero,Guasayan,,"0",0,0,-28.025,-64.689,20.6,./0.png
-64.6780017679708,-28.0240052935222,"339",2019/08/21 18:05:00,AQUA_M-T,Argentina,Santiago del Estero,Guasayan,,"0",0,0,-28.024,-64.678,6.1,./0.png
-64.250001717321,-27.6630052787521,"340",2019/08/21 18:05:00,AQUA_M-T,Argentina,Santiago del Estero,Banda,,"0",0,0,-27.663,-64.25,23.5,./0.png
-64.2400017162573,-27.6620052788197,"341",2019/08/21 18:05:00,AQUA_M-T,Argentina,Santiago del Estero,Banda,,"0",0,0,-27.662,-64.24,118.1,./0.png
-64.230001715178,-27.6600052788309,"342",2019/08/21 18:05:00,AQUA_M-T,Argentina,Santiago del Estero,Banda,,"0",0,0,-27.66,-64.23,15.1,./0.png
-64.2800017196673,-27.6120052755087,"343",2019/08/21 18:05:00,AQUA_M-T,Argentina,Santiago del Estero,Banda,,"0",0,0,-27.612,-64.28,6.1,./0.png
-64.2360017179063,-27.7940052862836,"344",2019/07/09 18:25:00,AQUA_M-T,Argentina,Santiago del Estero,Banda,,"26",0,,-27.794,-64.236,6.9,./0.png
-64.2220017163901,-27.7910052862894,"345",2019/07/09 18:25:00,AQUA_M-T,Argentina,Santiago del Estero,Banda,,"26",0,1,-27.791,-64.222,39.6,./0.png
-64.2050017116708,-27.6030052759286,"346",2019/07/09 18:25:00,AQUA_M-T,Argentina,Santiago del Estero,Banda,,"26",0,1,-27.603,-64.205,31.3,./0.png
-64.1910017101729,-27.6010052759883,"347",2019/07/09 18:25:00,AQUA_M-T,Argentina,Santiago del Estero,Banda,,"26",0,1,-27.601,-64.191,22.3,./0.png
-64.2580017159471,-27.5210052706464,"348",2019/07/09 18:25:00,AQUA_M-T,Argentina,Santiago del Estero,Banda,,"26",0,0.99,-27.521,-64.258,14.9,./0.png
-64.6770017676373,-28.0100052927579,"349",2019/08/22 03:30:00,TERRA_M-M,Argentina,Santiago del Estero,Guasayan,,"0",0,0,-28.01,-64.677,23.8,./0.png
-64.6890017690269,-28.0180052930477,"350",2019/08/22 14:30:00,TERRA_M-T,Argentina,Santiago del Estero,Guasayan,,"0",0,0,-28.018,-64.689,8,./0.png
-64.68700176867,-28.0090052925738,"351",2019/08/22 14:30:00,TERRA_M-T,Argentina,Santiago del Estero,Guasayan,,"0",0,0,-28.009,-64.687,6.8,./0.png
-64.6750017679666,-28.043005294615,"352",2019/08/22 18:50:00,AQUA_M-T,Argentina,Santiago del Estero,Guasayan,,"0",0,0,-28.043,-64.675,24.9,./0.png
-64.6860017689246,-28.0310052938077,"353",2019/08/22 18:50:00,AQUA_M-T,Argentina,Santiago del Estero,Guasayan,,"0",0,0,-28.031,-64.686,122.1,./0.png
-64.6790017681411,-28.0280052937313,"354",2019/08/22 18:50:00,AQUA_M-T,Argentina,Santiago del Estero,Guasayan,,"0",0,0,-28.028,-64.679,170.4,./0.png
-64.6530017653476,-28.0240052938436,"355",2019/08/22 18:50:00,AQUA_M-T,Argentina,Santiago del Estero,Guasayan,,"0",0,0,-28.024,-64.653,55.1,./0.png
-64.6900017690991,-28.0160052929238,"356",2019/08/22 18:50:00,AQUA_M-T,Argentina,Santiago del Estero,Guasayan,,"0",0,0,-28.016,-64.69,22,./0.png
-64.2630017188085,-27.671005279041,"357",2019/08/22 18:50:00,AQUA_M-T,Argentina,Santiago del Estero,Banda,,"0",0,0,-27.671,-64.263,45.9,./0.png
-64.2700017194325,-27.6640052785604,"358",2019/08/22 18:50:00,AQUA_M-T,Argentina,Santiago del Estero,Banda,,"0",0,0,-27.664,-64.27,33.3,./0.png
-64.2280017150152,-27.6630052790245,"359",2019/08/22 18:50:00,AQUA_M-T,Argentina,Santiago del Estero,Banda,,"0",0,0,-27.663,-64.228,84.6,./0.png
-64.2340017155348,-27.6560052785562,"360",2019/08/22 18:50:00,AQUA_M-T,Argentina,Santiago del Estero,Banda,,"0",0,0,-27.656,-64.234,99.2,./0.png
-64.507001744682,-27.6910052771148,"361",2019/07/10 14:45:00,TERRA_M-T,Argentina,Santiago del Estero,Rio Hondo,,"27",0,1,-27.691,-64.507,8.9,./0.png
-64.5150017454559,-27.6870052767895,"362",2019/07/10 14:45:00,TERRA_M-T,Argentina,Santiago del Estero,Rio Hondo,,"27",0,1,-27.687,-64.515,11,./0.png
-64.4280017390474,-27.857005287406,"363",2019/07/10 14:45:00,TERRA_M-T,Argentina,Santiago del Estero,Capital,,"27",0,1,-27.857,-64.428,13.5,./0.png
-63.9240016871227,-27.9220052973043,"364",2019/07/10 17:30:00,AQUA_M-T,Argentina,Santiago del Estero,Robles,,"27",0,1,-27.922,-63.924,23.2,./0.png
-63.9520016900375,-27.9200052968491,"365",2019/07/10 17:30:00,AQUA_M-T,Argentina,Santiago del Estero,Robles,,"27",0,1,-27.92,-63.952,62.8,./0.png
-63.9190016865345,-27.9180052971416,"366",2019/07/10 17:30:00,AQUA_M-T,Argentina,Santiago del Estero,Robles,,"27",0,1,-27.918,-63.919,64,./0.png
-63.9580016904976,-27.9090052961598,"367",2019/07/10 17:30:00,AQUA_M-T,Argentina,Santiago del Estero,Robles,,"27",0,1,-27.909,-63.958,33.4,./0.png
-63.9250016869951,-27.9070052964522,"368",2019/07/10 17:30:00,AQUA_M-T,Argentina,Santiago del Estero,Robles,,"27",0,1,-27.907,-63.925,54.9,./0.png
-63.8720016808626,-27.8710052950821,"369",2019/08/23 15:10:00,TERRA_M-T,Argentina,Santiago del Estero,Robles,,"29",0,1,-27.871,-63.872,34,./0.png
-64.1950017107784,-27.6130052766157,"370",2019/07/11 18:10:00,AQUA_M-T,Argentina,Santiago del Estero,Banda,,"28",0,1,-27.613,-64.195,7.3,./0.png
-64.1970017108482,-27.6040052760836,"371",2019/07/11 18:10:00,AQUA_M-T,Argentina,Santiago del Estero,Banda,,"28",0,1,-27.604,-64.197,15.5,./0.png
-63.9570016917167,-27.9940053009248,"372",2019/08/23 17:55:00,AQUA_M-T,Argentina,Santiago del Estero,Robles,,"29",0,1,-27.994,-63.957,9.2,./0.png
-63.9450016904222,-27.9920053009607,"373",2019/08/23 17:55:00,AQUA_M-T,Argentina,Santiago del Estero,San Martin,,"29",0,1,-27.992,-63.945,15.5,./0.png
-64.2510017215644,-27.9260052934819,"374",2019/08/23 17:55:00,AQUA_M-T,Argentina,Santiago del Estero,Capital,,"29",0,1,-27.926,-64.251,13.2,./0.png
-64.3870017357668,-27.9210052914961,"375",2019/08/23 17:55:00,AQUA_M-T,Argentina,Santiago del Estero,Capital,,"29",0,1,-27.921,-64.387,15.2,./0.png
-64.3940017364057,-27.9150052910731,"376",2019/08/23 17:55:00,AQUA_M-T,Argentina,Santiago del Estero,Capital,,"29",0,1,-27.915,-64.394,24.6,./0.png
-64.3600017321042,-27.8690052889321,"377",2019/08/23 17:55:00,AQUA_M-T,Argentina,Santiago del Estero,Capital,,"29",0,1,-27.869,-64.36,13.6,./0.png
-63.8930016829635,-27.8640052944334,"378",2019/08/23 17:55:00,AQUA_M-T,Argentina,Santiago del Estero,Robles,,"29",0,1,-27.864,-63.893,13.4,./0.png
-64.3610017320502,-27.8590052883606,"379",2019/08/23 17:55:00,AQUA_M-T,Argentina,Santiago del Estero,Capital,,"29",0,1,-27.859,-64.361,21.2,./0.png
-64.3150017226605,-27.5690052726509,"380",2019/08/23 17:55:00,AQUA_M-T,Argentina,Santiago del Estero,Banda,,"29",0,1,-27.569,-64.315,7.8,./0.png
-64.3940017328643,-27.6920052785895,"381",2019/08/24 03:20:00,TERRA_M-M,Argentina,Santiago del Estero,Capital,,"30",0,1,-27.692,-64.394,11.6,./0.png
-64.4500017425877,-27.9340052914255,"382",2019/08/24 14:15:00,TERRA_M-T,Argentina,Santiago del Estero,Capital,,"30",0,1,-27.934,-64.45,15.9,./0.png
-64.462001743815,-27.9320052911622,"383",2019/08/24 14:15:00,TERRA_M-T,Argentina,Santiago del Estero,Capital,,"30",0,1,-27.932,-64.462,21.1,./0.png
-64.4440017409813,-27.8730052880979,"384",2019/08/24 14:15:00,TERRA_M-T,Argentina,Santiago del Estero,Capital,,"30",0,1,-27.873,-64.444,51.8,./0.png
-64.4300017393849,-27.8650052878277,"385",2019/08/24 14:15:00,TERRA_M-T,Argentina,Santiago del Estero,Capital,,"30",0,1,-27.865,-64.43,7.9,./0.png
-64.4420017406116,-27.8630052875646,"386",2019/08/24 14:15:00,TERRA_M-T,Argentina,Santiago del Estero,Capital,,"30",0,1,-27.863,-64.442,29.3,./0.png
-64.4610017417261,-27.8080052842502,"387",2019/08/24 14:15:00,TERRA_M-T,Argentina,Santiago del Estero,Capital,,"30",0,1,-27.808,-64.461,19,./0.png
-64.459001741357,-27.7980052837159,"388",2019/08/24 14:15:00,TERRA_M-T,Argentina,Santiago del Estero,Capital,,"30",0,1,-27.798,-64.459,32.9,./0.png
-64.4660017422502,-27.8080052841872,"389",2019/08/24 18:35:00,AQUA_M-T,Argentina,Santiago del Estero,Capital,,"30",0,1,-27.808,-64.466,21.1,./0.png
-64.1460017045921,-27.5450052733802,"390",2019/08/24 18:35:00,AQUA_M-T,Argentina,Santiago del Estero,Banda,,"6",0,1,-27.545,-64.146,18.6,./0.png
-64.139001703828,-27.543005273353,"391",2019/08/24 18:35:00,AQUA_M-T,Argentina,Santiago del Estero,Banda,,"6",0,1,-27.543,-64.139,29.9,./0.png
-64.1230017021213,-27.5410052734359,"392",2019/08/24 18:35:00,AQUA_M-T,Argentina,Santiago del Estero,Banda,,"6",0,1,-27.541,-64.123,13.3,./0.png
-64.4530017451085,-28.0710052990087,"393",2019/08/26 03:05:00,TERRA_M-M,Argentina,Santiago del Estero,Capital,,"32",0,1,-28.071,-64.453,10.9,./0.png
-64.4430017440253,-28.0690052990247,"394",2019/08/26 03:05:00,TERRA_M-M,Argentina,Santiago del Estero,Capital,,"32",0,1,-28.069,-64.443,6.6,./0.png
-63.8130016716112,-27.6720052846023,"395",2019/08/26 14:05:00,TERRA_M-T,Argentina,Santiago del Estero,Figueroa,,"32",0,1,-27.672,-63.813,7,./0.png
-64.2380017159853,-27.6580052786193,"396",2019/08/26 18:25:00,AQUA_M-T,Argentina,Santiago del Estero,Banda,,"32",0,1,-27.658,-64.238,16.9,./0.png
-64.2250017145916,-27.6560052786676,"397",2019/08/26 18:25:00,AQUA_M-T,Argentina,Santiago del Estero,Banda,,"32",0,1,-27.656,-64.225,18,./0.png
-64.2560017145451,-27.4440052663156,"398",2019/08/26 18:25:00,AQUA_M-T,Argentina,Santiago del Estero,Banda,,"8",0,1,-27.444,-64.256,31.6,./0.png
-64.6640017665019,-28.0240052937023,"399",2019/08/27 17:30:00,AQUA_M-T,Argentina,Santiago del Estero,Guasayan,,"2",0,1,-28.024,-64.664,38.2,./0.png
-64.672001767227,-28.0170052932109,"400",2019/08/27 17:30:00,AQUA_M-T,Argentina,Santiago del Estero,Guasayan,,"2",0,1,-28.017,-64.672,38.3,./0.png
-63.8010016732236,-27.8600052953282,"401",2019/07/16 18:30:00,AQUA_M-T,Argentina,Santiago del Estero,Robles,,"34",0,1,-27.86,-63.801,77.2,./0.png
-63.7830016712682,-27.8560052953218,"402",2019/07/16 18:30:00,AQUA_M-T,Argentina,Santiago del Estero,Robles,,"34",0,1,-27.856,-63.783,132.3,./0.png
-63.7890016718382,-27.8520052950246,"403",2019/07/16 18:30:00,AQUA_M-T,Argentina,Santiago del Estero,Robles,,"34",0,1,-27.852,-63.789,182.7,./0.png
-64.2120017156705,-27.8120052875908,"404",2019/07/16 18:30:00,AQUA_M-T,Argentina,Santiago del Estero,Robles,,"33",0,1,-27.812,-64.212,33.9,./0.png
-64.0560016988391,-27.7830052878917,"405",2019/07/16 18:30:00,AQUA_M-T,Argentina,Santiago del Estero,Robles,,"33",0,1,-27.783,-64.056,21.3,./0.png
-64.2690017160285,-27.4520052666085,"406",2019/07/16 18:30:00,AQUA_M-T,Argentina,Santiago del Estero,Banda,,"33",0,1,-27.452,-64.269,63.7,./0.png
-64.272001716172,-27.4410052659488,"407",2019/07/16 18:30:00,AQUA_M-T,Argentina,Santiago del Estero,Banda,,"33",0,1,-27.441,-64.272,13,./0.png
-64.2540017142432,-27.4380052660005,"408",2019/07/16 18:30:00,AQUA_M-T,Argentina,Santiago del Estero,Banda,,"33",0,1,-27.438,-64.254,13.3,./0.png
-64.2670017226748,-27.8900052912708,"409",2019/08/28 18:10:00,AQUA_M-T,Argentina,Santiago del Estero,Capital,,"34",0,1,-27.89,-64.267,10.7,./0.png
-64.2570017216089,-27.8890052913399,"410",2019/08/28 18:10:00,AQUA_M-T,Argentina,Santiago del Estero,Capital,,"34",0,1,-27.889,-64.257,7,./0.png
-63.7680016676287,-27.7210052879084,"411",2019/08/28 18:10:00,AQUA_M-T,Argentina,Santiago del Estero,Figueroa,,"3",0,1,-27.721,-63.768,7.1,./0.png
-63.7750016682883,-27.7160052875422,"412",2019/08/28 18:10:00,AQUA_M-T,Argentina,Santiago del Estero,Figueroa,,"3",0,1,-27.716,-63.775,6.2,./0.png
-63.7640016671171,-27.7150052876184,"413",2019/08/28 18:10:00,AQUA_M-T,Argentina,Santiago del Estero,Figueroa,,"3",0,1,-27.715,-63.764,5.9,./0.png
-63.9500016890507,-27.8700052940731,"414",2019/08/28 18:10:00,AQUA_M-T,Argentina,Santiago del Estero,Robles,,"34",0,1,-27.87,-63.95,32.6,./0.png
-63.9510016890163,-27.8610052935563,"415",2019/08/28 18:10:00,AQUA_M-T,Argentina,Santiago del Estero,Robles,,"34",0,1,-27.861,-63.951,16.9,./0.png
-64.4030017355339,-27.8010052845885,"416",2019/08/28 18:10:00,AQUA_M-T,Argentina,Santiago del Estero,Capital,,"34",0,1,-27.801,-64.403,5.1,./0.png
-64.3920017343646,-27.8000052846707,"417",2019/08/28 18:10:00,AQUA_M-T,Argentina,Santiago del Estero,Capital,,"34",0,1,-27.8,-64.392,28.5,./0.png
-64.2360017157445,-27.6560052785315,"418",2019/08/28 18:10:00,AQUA_M-T,Argentina,Santiago del Estero,Banda,,"34",0,1,-27.656,-64.236,12.1,./0.png
-64.2250017145604,-27.654005278555,"419",2019/08/28 18:10:00,AQUA_M-T,Argentina,Santiago del Estero,Banda,,"34",0,1,-27.654,-64.225,14.3,./0.png
-64.1670017080615,-27.6270052777498,"420",2019/08/28 18:10:00,AQUA_M-T,Argentina,Santiago del Estero,Banda,,"34",0,1,-27.627,-64.167,9.7,./0.png
-64.1560017068776,-27.6250052777725,"421",2019/08/28 18:10:00,AQUA_M-T,Argentina,Santiago del Estero,Banda,,"34",0,1,-27.625,-64.156,6.8,./0.png
-64.3320017277877,-27.7820052844141,"422",2019/07/17 17:35:00,AQUA_M-T,Argentina,Santiago del Estero,Capital,,"34",0,1,-27.782,-64.332,19.1,./0.png
-64.4530017422934,-27.8960052892682,"423",2019/07/17 17:35:00,AQUA_M-T,Argentina,Santiago del Estero,Capital,,"34",0,1,-27.896,-64.453,156.6,./0.png
-64.4250017393236,-27.8940052895102,"424",2019/07/17 17:35:00,AQUA_M-T,Argentina,Santiago del Estero,Capital,,"34",0,1,-27.894,-64.425,72,./0.png
-64.45800174277,-27.8930052890376,"425",2019/07/17 17:35:00,AQUA_M-T,Argentina,Santiago del Estero,Capital,,"34",0,1,-27.893,-64.458,151,./0.png
-64.4310017399052,-27.891005289267,"426",2019/07/17 17:35:00,AQUA_M-T,Argentina,Santiago del Estero,Capital,,"34",0,1,-27.891,-64.431,183.5,./0.png
-64.4540017421582,-27.8810052884183,"427",2019/07/17 17:35:00,AQUA_M-T,Argentina,Santiago del Estero,Capital,,"34",0,1,-27.881,-64.454,229.2,./0.png
-64.4590017426507,-27.8790052882435,"428",2019/07/17 17:35:00,AQUA_M-T,Argentina,Santiago del Estero,Capital,,"34",0,1,-27.879,-64.459,97.4,./0.png
-64.4270017392937,-27.8790052886475,"429",2019/07/17 17:35:00,AQUA_M-T,Argentina,Santiago del Estero,Capital,,"34",0,1,-27.879,-64.427,225.1,./0.png
-64.4320017397863,-27.8770052884728,"430",2019/07/17 17:35:00,AQUA_M-T,Argentina,Santiago del Estero,Capital,,"34",0,1,-27.877,-64.432,245.5,./0.png
-64.1620017112845,-27.8670052912918,"431",2019/07/17 17:35:00,AQUA_M-T,Argentina,Santiago del Estero,Robles,,"34",0,1,-27.867,-64.162,15.3,./0.png
-64.3800017337893,-27.8430052872274,"432",2019/07/17 17:35:00,AQUA_M-T,Argentina,Santiago del Estero,Capital,,"34",0,1,-27.843,-64.38,47.3,./0.png
-64.3530017309249,-27.8410052874545,"433",2019/07/17 17:35:00,AQUA_M-T,Argentina,Santiago del Estero,Capital,,"34",0,1,-27.841,-64.353,102.9,./0.png
-64.3550017309126,-27.8270052866461,"434",2019/07/17 17:35:00,AQUA_M-T,Argentina,Santiago del Estero,Capital,,"34",0,1,-27.827,-64.355,98.5,./0.png
-64.2220017165472,-27.80100528685,"435",2019/07/17 17:35:00,AQUA_M-T,Argentina,Santiago del Estero,Banda,,"34",0,,-27.801,-64.222,68.9,./0.png
-64.196001713787,-27.7990052870607,"436",2019/07/17 17:35:00,AQUA_M-T,Argentina,Santiago del Estero,Banda,,"15",0,1,-27.799,-64.196,51.1,./0.png
-64.2030017144432,-27.7940052866934,"437",2019/07/17 17:35:00,AQUA_M-T,Argentina,Santiago del Estero,Banda,,"34",0,1,-27.794,-64.203,61.6,./0.png
-64.647001758038,-27.6100052707977,"438",2019/07/17 17:35:00,AQUA_M-T,Argentina,Santiago del Estero,Rio Hondo,,"34",0,1,-27.61,-64.647,19.1,./0.png
-64.3240017276445,-27.8260052869785,"439",2019/08/29 14:35:00,TERRA_M-T,Argentina,Santiago del Estero,Capital,,"35",0,1,-27.826,-64.324,13.9,./0.png
-64.2390017160276,-27.6540052783818,"440",2019/08/30 02:40:00,TERRA_M-M,Argentina,Santiago del Estero,Banda,,"0",0,0,-27.654,-64.239,15.2,./0.png
-64.2330017153676,-27.6520052783434,"441",2019/08/30 02:40:00,TERRA_M-M,Argentina,Santiago del Estero,Banda,,"0",0,0,-27.652,-64.233,42.4,./0.png
-64.2230017143196,-27.6520052784671,"442",2019/08/30 02:40:00,TERRA_M-M,Argentina,Santiago del Estero,Banda,,"0",0,0,-27.652,-64.223,45.7,./0.png
-64.2170017136596,-27.6500052784287,"443",2019/08/30 02:40:00,TERRA_M-M,Argentina,Santiago del Estero,Banda,,"0",0,0,-27.65,-64.217,22.4,./0.png
-64.2830017182061,-27.498005269038,"444",2019/08/30 02:40:00,TERRA_M-M,Argentina,Santiago del Estero,Banda,,"0",0,0,-27.498,-64.283,14.3,./0.png
-64.2660017164119,-27.4970052691913,"445",2019/08/30 02:40:00,TERRA_M-M,Argentina,Santiago del Estero,Banda,,"0",0,0,-27.497,-64.266,28.2,./0.png
-64.2370017206958,-27.9640052957777,"446",2019/08/29 14:35:00,TERRA_M-T,Argentina,Santiago del Estero,Capital,,"35",0,1,-27.964,-64.237,9.1,./0.png
-64.3840017333513,-27.7890052841551,"447",2019/08/29 14:35:00,TERRA_M-T,Argentina,Santiago del Estero,Capital,,"35",0,1,-27.789,-64.384,9.2,./0.png
-64.4910017428799,-27.6830052768672,"448",2019/08/29 14:35:00,TERRA_M-T,Argentina,Santiago del Estero,Capital,,"77",0,1,-27.683,-64.491,26,./0.png
-64.5020017440156,-27.6820052766726,"449",2019/08/29 14:35:00,TERRA_M-T,Argentina,Santiago del Estero,Rio Hondo,,"77",0,1,-27.682,-64.502,10.6,./0.png
-64.7230017718411,-27.9720052900553,"450",2019/08/29 18:55:00,AQUA_M-T,Argentina,Santiago del Estero,Guasayan,,"4",0,1,-27.972,-64.723,122.2,./0.png
-63.8990016838109,-27.8780052951452,"451",2019/07/18 18:15:00,AQUA_M-T,Argentina,Santiago del Estero,Robles,,"36",0,1,-27.878,-63.899,16.6,./0.png
-64.156001706196,-27.5810052752905,"452",2019/07/18 18:15:00,AQUA_M-T,Argentina,Santiago del Estero,Banda,,"35",0,1,-27.581,-64.156,58,./0.png
-64.1450017050126,-27.5790052753127,"453",2019/07/18 18:15:00,AQUA_M-T,Argentina,Santiago del Estero,Banda,,"35",0,1,-27.579,-64.145,57.3,./0.png
-63.9870016881304,-27.5580052760558,"454",2019/07/19 14:40:00,TERRA_M-T,Argentina,Santiago del Estero,Banda,,"39",0,0.97,-27.558,-63.987,15.3,./0.png
-64.0870017027489,-27.8250052898667,"455",2019/07/22 17:55:00,AQUA_M-T,Argentina,Santiago del Estero,Robles,,"39",0.23,0.85,-27.825,-64.087,19.8,./0.png
-64.0740017013678,-27.8240052899709,"456",2019/07/22 17:55:00,AQUA_M-T,Argentina,Santiago del Estero,Robles,,"39",0.23,,-27.824,-64.074,67.2,./0.png
